label,support,tp,fp,fn,precision,recall,f1
Boiled or Steamed,776,167,961,609,0.14804964539007093,0.21520618556701032,0.1754201680672269
Fermented,375,69,953,306,0.0675146771037182,0.184,0.09878310665712238
Fresh,2158,1429,1777,729,0.4457267623206488,0.6621872103799815,0.5328113348247577
Fried,217,0,0,217,0.0,0.0,0.0
Grilled,568,0,0,568,0.0,0.0,0.0
nan,2290,522,699,1768,0.4275184275184275,0.2279475982532751,0.2973511819994303
Oven-Baked,734,162,719,572,0.18388195232690124,0.22070844686648503,0.20061919504643963
Preserved (Canned or Jarred),218,0,0,218,0.0,0.0,0.0
Stewed,151,0,29,151,0.0,0.0,0.0
